Sample_ID,Manifold_Dimension,Ricci_Scalar,Convergence_Accuracy,Stability_Index
VB250_Abeta_001,10^12,-0.84214,0.47122,0.992
VB250_Abeta_002,10^12,-0.84210,0.47120,0.991
VB250_Tau_001,10^12,-0.61543,0.42890,0.985
VB250_Control_001,10^12,-0.00124,0.01044,0.054
VB250_Stress_Test,10^12,-0.91255,0.48905,0.997
